user_id,is_new_customer,has_internet,has_mobile,region,outage_risk,household_size,devices,iot_devices,wfh_count,gamer_count,creator_count,budget,monthly_data_gb,mobile_line_count,mobile_data_gb,current_mobile_bill
0,0,1,0,MW,2,1,7,2,0,1,0,54,649,1,10,54
1,0,1,0,NE,1,3,12,16,2,1,2,104,1734,2,44,66
2,0,1,0,NE,2,5,10,33,5,3,1,113,2500,4,69,120
3,0,1,0,NE,1,2,7,8,1,2,0,93,1194,1,22,24
4,0,1,0,NE,0,6,18,27,6,6,0,122,2500,6,70,170
5,0,1,0,W,0,4,13,17,2,4,1,125,2380,4,69,116
6,0,1,0,W,0,2,6,7,2,1,2,71,1630,1,35,26
7,0,1,0,NE,1,6,14,28,3,1,1,131,1804,5,80,179
8,0,1,0,W,0,1,3,2,0,1,1,73,834,0,10,33
9,0,1,0,W,1,2,7,4,1,1,1,68,1415,2,37,67
10,0,1,0,SE,2,4,18,13,2,3,1,104,2500,4,39,113
11,0,1,1,NE,2,3,13,10,2,3,3,84,2500,3,63,124
12,0,1,1,W,0,3,7,4,0,3,2,103,1359,3,53,80
13,0,1,0,NE,1,1,6,0,0,1,1,69,1159,1,26,49
14,0,1,1,MW,2,2,11,9,2,0,0,62,832,2,13,70
15,0,1,0,MW,2,1,3,1,0,0,1,80,402,1,20,18
16,0,1,0,W,1,1,4,0,1,1,0,40,776,0,8,0
17,0,1,0,NE,2,2,9,9,1,1,1,74,1074,2,26,59
18,0,1,0,MW,0,5,17,22,1,4,3,111,2500,5,128,168
19,0,1,0,SE,2,4,15,12,4,2,3,92,2500,3,43,56
20,0,1,0,NE,1,1,6,3,1,1,1,92,1113,0,8,0
21,0,1,0,NE,2,2,8,6,1,2,2,74,1875,1,53,35
22,0,1,0,SE,2,6,14,33,2,2,2,148,1863,5,64,147
23,0,1,0,MW,1,6,18,25,3,2,2,132,2500,5,97,197
24,0,1,0,NE,0,5,18,20,2,1,2,115,1988,4,50,140
25,0,1,0,NE,2,3,7,18,2,1,1,75,1100,2,28,63
26,0,1,1,SE,2,5,15,26,1,4,1,114,2500,4,66,133
27,0,1,0,MW,0,4,9,22,4,2,1,91,1907,4,67,149
28,0,1,0,W,0,3,9,11,2,3,3,97,2342,2,64,78
29,0,1,0,MW,1,4,11,13,3,1,1,90,2273,4,33,115
30,0,1,0,W,0,3,12,17,1,1,0,128,1239,3,41,92
31,0,1,0,W,0,3,11,14,1,1,2,89,1792,2,58,83
32,0,1,0,NE,1,2,8,7,2,2,1,83,1664,2,23,76
33,0,1,0,W,1,3,12,8,1,3,2,106,2461,2,60,80
34,0,1,0,MW,1,4,16,13,4,3,0,84,2120,3,68,117
35,0,1,0,NE,2,3,9,14,3,1,3,92,2212,3,64,105
36,0,1,0,MW,1,2,8,9,0,0,1,87,554,1,26,13
37,0,1,1,W,0,6,18,31,2,0,3,133,2400,5,77,140
38,0,1,0,NE,0,2,10,8,2,0,1,72,1451,2,26,35
39,0,1,1,SE,2,1,3,2,0,0,1,47,428,0,14,3
40,0,1,0,NE,2,3,7,15,1,1,2,106,1336,3,65,105
41,0,1,0,MW,1,6,18,28,2,3,3,149,2500,6,124,175
42,0,1,0,NE,2,4,11,26,1,3,1,97,1409,4,66,111
43,0,1,1,MW,0,2,10,8,0,1,2,93,1357,2,39,65
44,0,1,0,NE,0,6,18,31,6,2,0,164,2285,6,68,175
45,0,1,0,NE,1,5,11,20,3,3,3,129,2500,4,116,160
46,0,1,0,NE,0,6,15,24,6,5,2,188,2500,6,145,214
47,0,1,0,NE,0,2,9,6,0,0,2,100,1274,2,36,53
48,0,1,0,SE,2,3,11,10,3,1,3,82,2500,2,69,68
49,0,1,0,SE,2,3,11,18,1,1,0,96,965,3,29,88
50,0,1,0,NE,0,6,18,17,4,5,3,123,2500,5,131,181
51,0,1,0,NE,0,5,18,26,4,5,0,102,2385,4,51,108
52,0,1,0,NE,2,2,7,5,0,2,1,85,1046,1,32,28
53,0,1,0,SE,2,6,14,22,0,0,3,117,2325,5,43,129
54,0,1,0,MW,0,2,10,11,0,0,2,67,1366,1,36,62
55,0,1,0,SE,2,3,10,15,0,3,2,86,1770,2,51,70
56,0,1,0,W,1,2,7,7,1,1,1,90,1045,2,24,65
57,0,1,0,MW,1,4,12,21,4,4,0,85,2427,4,74,109
58,0,1,0,NE,1,1,2,5,1,1,1,92,890,0,8,0
59,0,1,0,W,0,3,10,15,0,2,3,116,2010,2,49,90
60,0,1,0,SE,2,6,18,25,2,1,3,135,2500,5,84,148
61,0,1,0,MW,0,2,8,9,0,2,1,99,1217,1,38,35
62,0,1,0,MW,0,3,10,15,3,0,2,86,1959,2,35,41
63,0,1,0,SE,2,6,18,24,4,4,1,111,2500,6,76,189
64,0,1,0,SE,2,3,7,15,3,1,3,93,2037,2,59,61
65,0,1,0,NE,0,6,18,16,3,0,3,159,2286,5,47,140
66,0,1,0,SE,2,4,13,9,2,1,2,105,1631,3,51,120
67,0,1,0,MW,2,6,12,18,1,3,2,131,2392,6,72,183
68,0,1,0,W,0,6,18,35,0,3,3,140,2046,5,81,153
69,0,1,0,SE,1,6,18,38,0,1,0,131,1210,6,57,151
70,0,1,0,SE,2,4,10,11,2,1,2,97,1898,4,85,158
71,0,1,1,SE,2,6,18,24,5,0,0,136,1770,6,38,178
72,0,1,0,SE,2,5,15,13,1,3,2,107,2087,4,90,126
73,0,1,0,MW,2,4,12,26,3,1,3,120,2500,4,86,134
74,0,1,0,NE,1,1,5,1,1,1,1,94,1315,0,15,14
75,0,1,0,SE,2,2,7,6,0,1,0,93,995,1,11,12
76,0,1,0,MW,1,3,9,14,1,1,0,89,723,3,34,113
77,0,1,0,MW,1,3,15,7,1,1,3,111,1794,2,57,100
78,0,1,0,SE,2,5,18,18,3,5,2,129,2500,5,69,140
79,0,1,0,NE,2,2,8,8,2,0,0,88,692,1,10,24
80,0,1,0,NE,2,6,13,26,5,5,2,162,2500,6,116,197
81,0,1,0,MW,2,2,9,8,2,1,1,49,1557,1,31,59
82,0,1,0,NE,0,4,9,16,3,4,0,130,2427,3,50,101
83,0,1,0,SE,2,5,15,14,3,1,3,98,2500,4,78,146
84,0,1,0,NE,2,2,8,7,0,2,2,61,1366,2,53,77
85,0,1,0,W,0,6,14,31,1,1,1,142,1518,5,56,136
86,0,1,0,W,0,4,11,18,3,1,0,88,921,3,27,95
87,0,1,0,NE,2,4,18,13,0,1,1,122,1254,3,38,103
88,0,1,1,W,1,2,6,8,0,0,1,97,643,2,25,68
89,0,1,0,NE,0,5,18,12,0,0,1,130,1448,4,42,111
90,0,1,0,W,0,2,10,7,0,0,2,80,1692,1,34,46
91,0,1,0,MW,0,2,5,6,2,2,0,66,939,2,33,42
92,0,1,0,MW,2,1,5,2,0,0,0,71,329,1,11,37
93,0,1,0,NE,1,6,18,32,5,4,2,113,2500,5,88,155
94,0,1,0,NE,2,2,8,9,0,2,1,60,1101,1,38,60
95,0,1,0,SE,2,4,9,12,1,3,1,77,1784,3,66,103
96,0,1,0,NE,0,5,12,28,5,1,1,152,2002,4,53,137
97,0,1,0,W,0,4,18,24,2,3,3,94,2500,3,86,114
98,0,1,0,NE,1,4,11,9,4,3,1,116,1944,4,46,90
99,0,1,0,NE,0,6,15,29,0,1,3,139,2276,6,95,180
100,0,1,0,MW,1,2,8,4,0,0,0,68,462,1,14,41
101,0,1,0,SE,2,2,10,7,0,2,0,40,895,2,39,71
102,0,1,0,W,0,4,8,19,2,1,0,120,1185,4,39,92
103,0,1,0,NE,0,2,7,6,0,0,0,56,589,1,7,14
104,0,1,1,SE,1,5,18,16,5,0,1,102,2172,5,69,158
105,0,1,0,MW,2,4,18,10,2,1,2,95,2500,4,61,148
106,0,1,0,W,0,5,18,14,4,3,2,142,2500,4,34,127
107,0,1,0,NE,1,5,18,32,4,4,3,128,2500,4,103,151
108,0,1,0,MW,0,4,9,8,4,3,2,122,2500,4,83,120
109,0,1,0,NE,1,6,18,20,0,4,0,127,2180,5,84,172
110,0,1,0,MW,1,2,10,6,0,1,0,91,791,2,37,52
111,0,1,0,NE,1,1,4,1,0,1,0,65,639,1,12,17
112,0,1,0,NE,1,2,7,7,2,0,0,86,705,2,24,66
113,0,1,0,NE,0,5,12,29,3,3,0,116,1838,5,74,184
114,0,1,0,SE,2,6,18,26,3,3,0,139,2111,6,68,167
115,0,1,0,NE,2,2,10,7,1,1,0,115,928,1,19,47
116,0,1,0,MW,0,4,12,18,0,0,2,125,1640,3,46,77
117,0,1,0,SE,2,1,6,3,0,1,0,72,713,1,15,17
118,0,1,1,MW,0,4,11,23,3,2,0,103,1778,4,60,136
119,0,1,0,NE,1,2,9,3,1,1,0,98,778,1,18,5
120,0,1,0,W,0,3,10,8,2,2,0,83,1443,2,19,85
121,0,1,0,SE,1,1,5,4,1,0,0,56,555,1,13,1
122,0,1,1,MW,1,2,5,6,0,2,1,62,1120,1,19,44
123,0,1,0,MW,1,3,10,11,0,2,3,89,1443,2,52,69
124,0,1,0,NE,2,2,8,2,0,1,2,121,1546,2,49,66
125,0,1,1,NE,2,3,6,12,2,2,2,100,1759,3,56,95
126,0,1,0,SE,1,6,18,16,4,1,3,122,2500,6,82,174
127,0,1,0,SE,2,6,18,31,3,2,1,103,2500,6,67,156
128,0,1,0,NE,0,6,18,40,2,5,0,154,2312,5,92,157
129,0,1,0,NE,1,6,18,11,4,6,1,122,2500,6,135,188
130,0,1,0,SE,1,5,18,24,1,0,2,127,1794,5,64,142
131,0,1,0,MW,0,5,12,20,3,2,3,119,2500,5,90,177
132,0,1,0,NE,0,1,6,0,1,1,1,53,991,0,13,4
133,0,1,0,NE,0,1,3,0,0,0,1,51,465,1,17,18
134,0,1,0,W,0,3,7,11,3,1,1,109,1537,2,32,56
135,0,1,0,MW,2,3,12,9,3,3,1,102,2206,3,59,82
136,0,1,0,NE,2,2,6,9,2,2,0,90,914,1,16,5
137,0,1,0,W,1,2,5,6,1,2,0,107,724,1,10,19
138,0,1,0,NE,1,3,10,11,3,3,0,121,1392,2,43,87
139,0,1,0,NE,1,6,13,18,0,4,0,136,2364,5,73,164
140,0,1,0,W,0,3,11,11,0,2,2,88,1587,3,48,89
141,0,1,0,NE,2,6,15,33,2,4,1,155,2196,5,88,152
142,0,1,0,W,0,1,5,5,0,1,0,63,233,1,12,0
143,0,1,0,NE,1,6,15,31,1,2,0,155,1548,6,47,151
144,0,1,0,NE,2,4,18,22,2,2,3,127,2500,3,88,113
145,0,1,0,MW,2,6,15,10,3,4,0,123,2500,6,77,185
146,0,1,0,W,1,2,4,7,1,0,1,90,841,2,22,60
147,0,1,0,SE,1,5,18,21,3,5,0,108,2353,4,74,146
148,0,1,0,NE,1,5,18,17,5,1,3,159,2500,5,65,143
149,0,1,0,NE,1,5,12,17,2,1,0,129,1025,4,23,130
150,0,1,0,NE,2,4,9,15,1,3,2,92,2342,3,52,118
151,0,1,0,NE,1,4,14,16,3,0,1,130,1528,4,43,115
152,0,1,0,MW,2,6,18,37,0,6,2,122,2113,5,96,147
153,0,1,0,NE,2,4,18,7,4,3,0,137,2500,3,35,55
154,0,1,0,MW,1,5,12,33,3,3,1,145,2500,4,56,128
155,0,1,0,W,1,3,9,4,1,2,1,73,1505,3,41,109
156,0,1,0,SE,1,1,5,5,0,1,0,45,502,1,24,52
157,0,1,0,NE,1,4,17,15,0,1,2,154,1767,4,63,118
158,0,1,0,W,1,6,15,27,1,2,1,145,2019,6,58,157
159,0,1,0,W,1,1,3,3,1,1,1,65,840,1,28,30
160,0,1,0,NE,1,6,18,15,0,2,2,149,2414,5,74,159
161,0,1,1,W,0,2,6,8,2,2,0,80,1189,1,21,66
162,0,1,0,NE,0,1,4,5,0,0,0,79,154,1,8,51
163,0,1,0,NE,0,2,6,6,0,0,0,81,176,1,8,15
164,0,1,0,NE,0,6,18,27,4,4,3,143,2500,5,74,163
165,0,1,1,MW,2,3,7,18,2,1,1,113,1684,3,44,83
166,0,1,0,NE,0,6,18,25,4,2,3,130,2500,5,58,186
167,0,1,0,MW,1,3,11,17,0,0,0,83,582,3,29,78
168,0,1,0,NE,0,3,8,9,1,2,2,88,1586,3,64,96
169,0,1,0,SE,1,3,9,13,3,2,0,107,1701,3,48,89
170,0,1,0,NE,0,2,9,4,2,1,0,78,956,1,12,24
171,0,1,0,MW,0,6,18,12,2,4,3,123,2500,6,108,187
172,0,1,0,SE,2,4,9,19,4,0,0,76,1226,3,35,79
173,0,1,1,SE,2,1,4,4,0,1,0,57,477,1,5,5
174,0,1,0,W,1,6,18,30,1,4,3,158,2500,6,106,178
175,0,1,0,SE,1,3,8,13,0,1,0,68,570,2,17,84
176,0,1,1,MW,0,1,6,1,0,0,0,59,327,0,5,0
177,0,1,0,MW,0,2,9,3,0,1,2,64,1570,2,36,60
178,0,1,0,MW,1,6,18,25,1,5,1,109,2500,6,61,182
179,0,1,0,W,1,6,18,25,6,2,1,151,2416,5,71,137
180,0,1,1,MW,1,2,7,5,2,2,2,91,1967,1,28,41
181,0,1,0,NE,0,4,15,21,1,1,3,126,2500,4,77,142
182,0,1,0,SE,2,4,14,21,1,1,1,89,1357,4,38,113
183,0,1,0,NE,0,4,18,23,2,2,0,108,2148,3,20,95
184,0,1,0,NE,2,4,13,15,3,0,3,139,2175,3,48,68
185,0,1,1,MW,0,6,18,37,3,2,0,135,1948,6,59,165
186,0,1,0,NE,2,2,6,2,0,0,0,78,332,1,8,24
187,0,1,0,NE,1,5,16,20,4,1,3,108,2500,4,44,114
188,0,1,0,W,0,2,6,9,0,2,2,45,1424,1,44,41
189,0,1,0,SE,1,4,17,16,4,2,3,100,2500,4,51,143
190,0,1,0,SE,2,4,16,19,2,3,1,110,2404,4,65,128
191,0,1,1,W,0,3,9,12,3,0,3,70,1957,3,54,91
192,0,1,0,MW,0,3,7,16,2,0,3,109,2222,2,44,64
193,0,1,0,W,0,5,18,10,3,1,3,129,2500,5,73,174
194,0,1,0,SE,1,4,18,21,0,1,2,116,2071,4,50,122
195,0,1,0,NE,1,3,10,8,2,3,0,123,1885,3,44,95
196,0,1,0,NE,2,2,8,5,0,2,0,98,952,2,34,44
197,0,1,1,NE,1,5,18,21,1,3,3,172,2335,4,65,126
198,0,1,0,NE,2,3,7,8,1,3,1,98,1701,2,52,90
199,0,1,0,NE,1,2,8,8,1,1,0,81,847,1,10,30
200,0,1,0,MW,1,1,5,1,1,1,0,49,596,1,4,19
201,0,1,0,NE,1,1,3,0,0,0,0,96,95,0,4,18
202,0,1,1,SE,1,3,12,11,2,2,2,97,1763,2,32,48
203,0,1,0,SE,2,2,6,8,0,0,1,57,981,2,33,66
204,0,1,0,NE,0,6,18,29,2,5,2,158,2500,6,84,173
205,0,1,0,NE,1,5,12,28,0,0,1,137,1188,4,52,114
206,0,1,1,NE,0,5,15,8,5,0,3,100,2500,4,84,133
207,0,1,0,W,0,6,18,37,5,1,2,165,2421,6,69,198
208,0,1,0,W,0,1,4,3,0,1,0,56,362,1,14,34
209,0,1,0,SE,1,2,8,9,0,1,0,49,913,2,34,64
210,0,1,0,SE,1,4,12,6,2,0,1,112,1505,3,29,111
211,0,1,0,NE,1,5,15,24,5,3,2,144,2500,5,74,144
212,0,1,0,SE,2,2,4,7,0,0,2,83,520,2,46,73
213,0,1,0,MW,2,4,16,20,3,0,1,124,2086,3,39,68
214,0,1,0,MW,2,3,9,17,2,2,0,107,841,3,43,90
215,0,1,1,NE,1,3,12,15,2,2,2,113,2159,3,55,104
216,0,1,0,NE,2,6,13,20,2,3,2,134,2500,6,110,193
217,0,1,0,MW,1,6,18,13,2,0,2,124,2272,6,24,157
218,0,1,0,SE,1,4,8,15,4,3,3,125,2500,3,59,107
219,0,1,0,W,0,4,13,9,1,0,0,100,721,3,35,110
220,0,1,0,SE,2,4,14,8,0,4,3,87,2500,3,69,97
221,0,1,0,NE,0,4,9,10,4,0,2,104,2336,4,30,102
222,0,1,1,MW,0,2,8,9,0,2,2,71,1703,1,42,51
223,0,1,0,W,1,1,4,3,1,1,0,85,939,0,6,12
224,0,1,0,SE,2,2,9,5,2,2,1,78,1583,1,41,30
225,0,1,0,W,0,4,9,18,3,1,1,99,1273,4,52,131
226,0,1,0,NE,1,3,7,7,2,2,1,121,1581,2,40,74
227,0,1,0,NE,2,5,13,12,3,5,2,124,2500,4,86,136
228,0,1,0,NE,2,3,9,15,0,3,1,88,1488,2,47,55
229,0,1,0,SE,2,4,14,16,4,2,3,114,2500,3,58,91
230,0,1,0,W,1,4,14,7,2,0,2,126,1304,3,39,88
231,0,1,0,W,0,5,12,27,2,4,3,145,2500,4,84,126
232,0,1,0,SE,2,5,15,8,1,2,1,105,1871,4,62,111
233,0,1,0,MW,2,4,10,11,3,2,3,101,2500,3,62,113
234,0,1,0,MW,1,5,12,9,2,5,0,93,2500,4,73,137
235,0,1,0,W,1,5,18,28,3,3,2,92,2500,5,85,176
236,0,1,0,NE,2,1,4,4,1,0,0,51,448,0,0,0
237,0,1,0,MW,1,2,7,6,2,0,0,64,681,1,9,39
238,0,1,0,W,0,6,18,11,0,4,1,143,1977,6,27,154
239,0,1,0,MW,0,1,6,0,0,0,0,52,143,0,1,0
240,0,1,0,MW,0,2,6,10,0,1,1,42,1299,2,36,66
241,0,1,0,W,1,4,11,20,1,1,1,118,1315,3,54,84
242,0,1,0,NE,0,6,14,32,4,3,0,143,2207,6,44,190
243,0,1,0,NE,2,5,11,23,2,4,1,141,1806,5,90,170
244,0,1,0,NE,0,2,10,10,2,1,0,96,1398,2,26,14
245,0,1,1,MW,2,4,18,10,0,0,1,69,1518,4,35,105
246,0,1,0,SE,2,5,16,29,5,1,2,130,2500,4,70,135
247,0,1,0,NE,2,2,7,10,0,2,2,67,1601,2,43,54
248,0,1,0,NE,0,5,15,12,3,1,1,131,1832,5,43,148
249,0,1,1,SE,2,5,18,10,5,0,2,126,2500,4,64,132
250,0,1,0,SE,2,3,13,13,1,0,1,101,1005,2,23,79
251,0,1,0,MW,2,2,9,10,2,1,2,87,1680,2,38,69
252,0,1,0,SE,2,2,7,7,2,2,1,72,1626,1,33,36
253,0,1,0,W,1,3,9,16,3,2,3,101,2281,3,83,110
254,0,1,0,SE,2,1,4,0,0,1,0,83,577,1,18,4
255,0,1,1,SE,1,6,18,19,3,6,2,140,2500,6,90,184
256,0,1,0,W,0,4,12,11,3,1,0,94,1527,3,29,123
257,0,1,0,NE,2,2,8,7,1,2,0,70,1186,1,21,40
258,0,1,1,W,1,6,18,23,0,1,2,158,1781,6,87,194
259,0,1,1,MW,0,2,9,2,0,0,1,70,735,1,20,14
260,0,1,0,W,0,6,18,25,3,3,3,160,2500,6,106,196
261,0,1,0,NE,0,6,18,35,0,5,0,153,2062,6,99,180
262,0,1,0,NE,1,6,12,35,3,1,3,135,2500,5,72,138
263,0,1,0,SE,1,3,7,13,0,2,0,62,871,3,17,73
264,0,1,0,NE,2,6,12,26,1,1,1,143,1615,5,75,158
265,0,1,0,NE,2,2,6,7,2,0,2,85,1368,2,12,72
266,0,1,0,SE,1,5,17,20,4,3,3,116,2500,4,75,145
267,0,1,0,MW,1,1,4,2,0,1,1,40,929,1,20,25
268,0,1,0,W,0,6,18,38,0,2,1,134,2301,5,59,125
269,0,1,0,NE,1,4,12,14,0,2,2,120,961,4,51,77
270,0,1,0,W,0,4,17,10,4,0,1,93,1878,4,56,133
271,0,1,0,NE,1,6,18,19,6,3,0,138,2500,6,56,158
272,0,1,0,NE,2,1,3,1,1,0,0,85,460,1,11,41
273,0,1,0,MW,1,2,9,9,0,2,1,67,1266,1,27,49
274,0,1,0,NE,2,6,18,35,1,6,3,162,2500,6,118,205
275,0,1,0,W,0,4,17,8,0,1,3,107,2411,3,80,130
276,0,1,0,NE,1,2,5,7,0,2,1,91,968,2,51,63
277,0,1,0,NE,1,1,5,2,1,0,0,96,507,1,5,28
278,0,1,0,MW,0,1,5,3,1,1,0,77,729,0,5,2
279,0,1,0,SE,2,1,5,3,1,1,0,79,821,1,16,46
280,0,1,0,W,0,1,5,1,1,1,1,48,1035,1,24,31
281,0,1,1,SE,2,4,18,17,3,4,3,103,2211,4,95,124
282,0,1,0,NE,0,6,15,18,0,4,0,159,1431,5,65,166
283,0,1,0,NE,1,1,6,1,1,1,1,82,976,1,11,44
284,0,1,0,NE,1,2,10,7,0,1,0,86,952,1,17,0
285,0,1,0,NE,2,6,18,17,0,2,3,168,2272,6,83,183
286,0,1,0,NE,0,1,4,0,1,0,1,69,844,0,10,6
287,0,1,0,NE,1,4,11,11,0,3,2,121,1506,3,81,84
288,0,1,0,W,1,5,13,13,3,5,2,132,2500,5,87,164
289,0,1,0,MW,0,3,9,19,0,0,2,90,1237,2,36,64
290,0,1,0,SE,2,5,18,23,3,1,2,115,2500,5,60,149
291,0,1,0,W,0,3,13,13,3,3,3,119,2270,2,56,41
292,0,1,0,MW,1,4,13,11,3,1,2,120,1776,4,61,131
293,0,1,0,MW,2,1,3,4,1,0,1,95,685,0,11,0
294,0,1,1,MW,2,3,6,13,3,3,2,90,2500,2,67,76
295,0,1,0,SE,2,5,18,25,4,4,1,101,2500,4,30,107
296,0,1,0,NE,2,3,7,9,1,1,3,93,2055,3,31,88
297,0,1,0,W,0,6,18,17,4,4,2,130,2500,5,98,179
298,0,1,0,SE,2,6,18,15,2,3,0,146,1961,6,80,190
299,0,1,0,SE,2,4,16,10,1,1,3,82,2135,3,45,109
300,0,1,0,NE,1,5,11,12,5,1,2,112,2354,4,73,146
301,0,1,0,MW,1,4,17,13,3,0,2,102,2379,4,28,79
302,0,1,0,SE,2,5,12,14,1,5,2,69,2464,5,78,152
303,0,1,1,SE,2,2,11,11,0,1,1,64,1215,2,36,87
304,0,1,0,SE,1,5,18,16,0,3,0,111,1624,4,46,126
305,0,1,1,SE,2,2,5,12,0,0,0,40,264,2,16,54
306,0,1,0,SE,1,3,14,15,2,0,0,111,1528,2,13,48
307,0,1,1,MW,0,1,5,2,1,0,0,46,499,1,0,0
308,0,1,0,NE,1,1,6,5,0,0,1,83,583,0,10,18
309,0,1,1,MW,0,5,18,24,1,3,0,161,1751,5,68,144
310,0,1,0,NE,2,3,13,4,2,3,0,97,1864,3,53,101
311,0,1,0,W,0,5,13,29,2,1,0,106,1280,5,34,136
312,0,1,0,SE,2,5,11,12,4,0,0,127,1310,4,38,96
313,0,1,0,NE,0,4,16,15,1,4,1,118,2104,3,28,69
314,0,1,1,W,1,2,6,8,0,0,0,85,310,1,14,35
315,0,1,0,NE,0,1,6,3,1,1,0,61,490,0,4,30
316,0,1,0,W,0,1,3,3,0,1,0,45,480,1,10,0
317,0,1,1,W,0,1,3,4,1,0,0,72,368,1,4,21
318,0,1,0,MW,1,2,6,8,1,0,0,67,461,2,22,32
319,0,1,0,MW,2,3,12,10,3,3,0,98,2138,2,40,68
320,0,1,0,SE,2,4,8,12,2,2,1,90,1386,3,52,75
321,0,1,0,NE,0,5,17,12,0,1,1,102,1181,4,43,117
322,0,1,0,NE,0,4,15,10,4,0,3,93,2500,3,44,118
323,0,1,0,MW,0,5,18,20,2,5,3,130,2500,5,93,183
324,0,1,1,W,1,5,18,15,0,4,1,140,2026,4,53,113
325,0,1,0,SE,2,4,12,12,3,0,2,98,2208,4,44,105
326,0,1,1,NE,2,1,2,0,1,0,1,59,723,0,13,17
327,0,1,0,W,0,1,5,1,0,1,1,64,1273,0,8,7
328,0,1,1,W,0,4,14,23,1,1,3,91,2500,3,49,80
329,0,1,0,NE,1,3,13,8,0,3,2,85,2066,3,49,80
330,0,1,0,MW,1,2,9,7,0,0,2,75,1288,1,28,27
331,0,1,0,NE,0,1,3,5,1,0,0,88,362,1,3,0
332,0,1,0,NE,1,3,10,18,2,2,2,104,1505,3,55,83
333,0,1,0,MW,2,3,11,8,0,2,3,103,1952,2,58,78
334,0,1,1,SE,2,1,6,4,0,1,0,51,643,1,17,32
335,0,1,0,MW,1,6,18,39,4,1,2,147,2500,5,88,154
336,0,1,0,SE,2,5,18,28,3,5,0,108,2310,4,58,122
337,0,1,1,W,0,5,18,18,5,2,2,155,2500,4,64,130
338,0,1,0,MW,2,6,18,30,5,2,2,140,2500,5,70,143
339,0,1,0,W,0,4,13,9,1,2,2,111,2181,3,53,98
340,0,1,0,NE,1,2,9,6,0,0,2,136,1121,1,23,44
341,0,1,0,W,0,2,9,9,0,1,0,120,825,2,33,54
342,0,1,0,W,0,1,5,3,0,1,1,46,864,1,25,53
343,0,1,0,NE,1,1,6,1,0,1,0,89,600,1,14,31
344,0,1,1,NE,1,2,4,6,1,0,2,123,1088,2,46,53
345,0,1,0,NE,1,6,14,37,5,0,3,152,2500,5,76,140
346,0,1,0,NE,0,3,13,12,0,3,0,75,1524,3,47,87
347,0,1,0,NE,2,4,15,21,3,1,0,106,1814,4,29,114
348,0,1,0,NE,2,6,18,24,6,0,0,125,2500,5,42,114
349,0,1,0,SE,2,1,6,5,1,0,0,68,586,0,0,0
350,0,1,0,NE,2,1,5,5,1,1,1,84,1349,0,21,6
351,0,1,0,SE,1,6,18,12,6,3,0,112,2500,5,74,163
352,0,1,1,MW,2,2,9,9,1,2,0,88,1226,2,21,66
353,0,1,0,NE,0,4,14,17,1,1,2,97,1098,4,52,141
354,0,1,0,NE,0,4,9,17,4,0,3,122,2500,4,69,135
355,0,1,0,W,0,6,18,16,1,3,1,129,2404,6,66,178
356,0,1,0,SE,2,1,5,1,1,0,0,75,636,0,0,0
357,0,1,0,NE,0,1,6,0,1,1,0,68,639,1,26,30
358,0,1,0,W,0,1,6,2,0,0,1,79,730,0,18,0
359,0,1,0,MW,0,2,11,8,0,2,1,51,1281,1,29,16
360,0,1,0,SE,2,5,18,28,1,4,3,135,2500,4,104,126
361,0,1,0,NE,2,2,7,5,2,2,0,65,920,1,27,49
362,0,1,0,NE,0,6,18,33,3,2,0,151,2422,6,80,195
363,0,1,0,NE,2,1,4,3,1,1,0,94,633,0,8,0
364,0,1,0,MW,0,1,4,2,0,1,0,57,492,0,6,8
365,0,1,1,NE,0,2,9,12,1,0,2,106,1603,1,22,30
366,0,1,0,SE,2,4,8,16,3,0,0,102,941,4,24,106
367,0,1,0,MW,0,4,12,25,4,3,3,124,2500,4,85,130
368,0,1,0,MW,0,1,4,1,1,1,1,87,826,1,33,14
369,0,1,0,MW,2,2,9,5,1,1,0,86,951,1,20,14
370,0,1,1,NE,0,5,18,17,5,0,1,151,2036,4,53,153
371,0,1,1,NE,1,3,14,9,3,2,0,140,1886,3,53,103
372,0,1,0,NE,2,3,9,8,1,0,2,124,1689,3,44,102
373,0,1,1,MW,0,1,5,1,1,0,0,42,539,1,4,2
374,0,1,0,NE,1,5,17,20,0,4,0,137,1869,4,55,114
375,0,1,0,SE,2,6,18,25,1,4,0,135,2500,6,109,173
376,0,1,0,W,0,1,3,4,0,1,0,50,284,0,5,0
377,0,1,0,NE,1,4,16,21,4,0,0,109,1349,4,25,123
378,0,1,0,W,1,2,7,7,2,1,1,43,1080,2,38,73
379,0,1,0,MW,0,2,7,8,1,2,0,44,950,1,20,18
380,0,1,0,MW,0,1,3,2,1,1,0,72,592,0,3,0
381,0,1,0,SE,1,4,8,21,2,1,3,95,2049,4,39,126
382,0,1,0,MW,2,2,7,4,0,2,1,71,1201,1,32,26
383,0,1,0,W,0,5,18,16,5,0,2,120,2500,4,65,131
384,0,1,0,NE,2,2,5,9,2,0,1,76,1274,2,27,43
385,0,1,0,NE,0,3,7,9,1,0,0,86,542,2,11,60
386,0,1,0,NE,1,1,7,2,0,1,0,81,528,0,5,1
387,0,1,0,NE,1,4,12,14,1,2,3,111,2403,3,72,105
388,0,1,0,W,1,6,18,31,5,2,2,163,2500,5,48,158
389,0,1,0,MW,2,4,15,24,3,1,2,85,2138,3,35,97
390,0,1,0,NE,1,3,10,14,3,1,2,110,2025,3,46,99
391,0,1,1,SE,2,4,18,10,3,3,2,114,2330,4,103,153
392,0,1,0,SE,1,4,13,23,1,2,1,95,1844,4,69,133
393,0,1,0,W,0,2,4,5,0,1,1,65,799,1,23,26
394,0,1,0,NE,2,3,11,19,3,1,3,120,2500,2,41,81
395,0,1,0,SE,2,5,10,30,0,4,2,131,1950,5,79,157
396,0,1,0,SE,2,1,5,4,1,1,0,72,593,1,10,37
397,0,1,0,MW,0,3,13,12,1,3,2,104,2500,3,62,107
398,0,1,0,W,0,6,18,14,2,4,2,147,2500,6,116,217
399,0,1,0,MW,1,6,15,25,4,3,3,131,2500,6,62,167
400,0,1,1,SE,2,6,18,14,0,3,1,155,1831,5,60,152
401,0,1,0,NE,2,3,13,18,0,2,2,135,2284,3,49,80
402,0,1,0,SE,2,5,18,25,3,2,3,135,2500,5,76,161
403,0,1,0,MW,1,2,4,10,0,1,2,106,1399,2,31,58
404,0,1,0,MW,1,6,13,10,4,4,2,105,2500,6,68,199
405,0,1,0,W,0,2,8,9,0,0,1,80,714,1,25,49
406,0,1,0,W,0,1,3,2,1,0,0,57,182,1,7,28
407,0,1,0,MW,2,1,3,3,1,0,1,40,491,1,13,13
408,0,1,0,W,1,5,18,21,4,1,1,88,2395,4,44,117
409,0,1,0,MW,1,4,13,18,0,1,0,120,1361,4,22,85
410,0,1,0,W,0,5,10,32,0,1,1,142,1068,5,86,158
411,0,1,0,SE,2,2,10,7,0,2,2,56,1417,1,44,45
412,0,1,0,NE,2,4,12,17,2,1,0,107,912,4,29,112
413,0,1,0,MW,2,3,7,8,1,2,1,76,982,3,45,110
414,0,1,0,W,1,4,9,13,3,4,0,92,2324,3,44,87
415,0,1,0,NE,0,2,4,9,1,1,2,81,1708,2,48,93
416,0,1,0,MW,1,6,14,25,0,1,1,172,1353,5,66,150
417,0,1,0,NE,0,2,4,7,2,2,2,80,1782,1,36,49
418,0,1,0,SE,1,5,18,14,2,2,1,118,1751,5,60,148
419,0,1,0,W,0,6,18,16,6,0,3,145,2500,5,73,152
420,0,1,0,NE,2,6,15,26,3,0,3,140,2500,5,90,158
421,0,1,1,MW,1,6,18,33,5,3,3,145,2500,6,112,193
422,0,1,0,SE,2,5,18,9,3,0,2,115,2003,4,30,126
423,0,1,0,W,0,5,12,17,3,1,2,135,2385,4,65,111
424,0,1,0,SE,2,5,15,16,0,2,0,110,1644,4,47,100
425,0,1,0,NE,1,6,18,22,2,0,0,125,1381,6,69,176
426,0,1,0,SE,2,2,5,5,0,2,2,71,1557,1,45,65
427,0,1,0,SE,2,2,8,11,1,0,0,79,671,1,3,49
428,0,1,0,W,0,3,8,7,1,1,3,76,1528,3,47,91
429,0,1,0,NE,1,1,2,1,0,1,1,43,674,1,30,53
430,0,1,0,NE,2,5,18,24,4,0,1,134,2238,5,48,140
431,0,1,0,SE,1,2,5,8,0,1,1,66,752,2,30,60
432,0,1,0,MW,1,5,18,10,2,1,3,116,2500,5,86,186
433,0,1,0,SE,1,2,7,6,1,2,1,64,1379,2,40,99
434,0,1,0,SE,1,6,18,33,3,4,2,114,2500,6,90,194
435,0,1,0,MW,0,1,4,0,0,0,1,89,435,1,19,2
436,0,1,0,NE,0,2,5,8,2,2,1,43,1053,2,44,49
437,0,1,0,NE,1,6,14,23,0,5,1,144,1934,5,122,175
438,0,1,0,MW,0,1,5,2,1,0,1,56,921,0,10,27
439,0,1,0,W,0,2,9,9,1,2,1,90,1557,2,41,51
440,0,1,0,W,0,2,6,7,1,2,0,86,1137,2,28,56
441,0,1,0,MW,1,3,15,12,1,1,3,95,1859,3,59,110
442,0,1,0,W,1,2,6,6,1,0,2,59,1217,1,32,14
443,0,1,0,W,0,1,4,2,0,1,1,43,991,0,13,0
444,0,1,0,MW,2,5,10,28,3,2,3,128,2500,4,56,139
445,0,1,0,MW,2,5,17,18,2,2,0,113,1959,4,38,125
446,0,1,1,W,0,6,13,24,1,3,0,136,1427,5,41,175
447,0,1,0,W,1,3,12,5,0,3,2,113,1732,3,45,89
448,0,1,0,NE,0,1,2,0,1,1,0,78,408,0,9,34
449,0,1,0,W,0,1,3,2,0,1,1,40,694,1,23,19
450,0,1,0,MW,0,4,17,14,2,1,0,124,1709,4,48,124
451,0,1,0,NE,1,2,7,5,0,2,1,75,679,2,32,54
452,0,1,0,NE,2,2,10,8,0,2,0,78,714,1,10,11
453,0,1,0,MW,1,1,6,4,0,1,0,56,514,0,9,0
454,0,1,1,NE,2,2,7,10,1,1,2,124,1261,2,40,47
455,0,1,0,W,0,6,13,37,2,2,1,156,2050,5,79,189
456,0,1,0,MW,0,5,18,11,5,4,3,153,2500,5,107,180
457,0,1,0,W,0,2,4,7,1,2,0,86,779,2,19,30
458,0,1,0,MW,1,3,12,4,1,2,1,89,1404,2,38,67
459,0,1,0,NE,2,1,6,3,1,1,1,89,1230,0,14,0
460,0,1,0,W,0,5,11,24,0,3,3,129,2500,5,80,153
461,0,1,0,MW,0,6,13,25,6,1,3,132,2500,6,86,180
462,0,1,0,NE,1,3,9,9,2,0,0,85,896,3,15,84
463,0,1,0,SE,2,4,8,6,1,3,1,117,1482,4,57,111
464,0,1,0,NE,2,4,15,8,1,1,0,137,1462,4,49,120
465,0,1,0,SE,2,4,16,10,4,3,2,96,2500,4,100,153
466,0,1,0,MW,2,1,5,2,0,0,1,40,666,0,13,0
467,0,1,0,SE,2,3,13,13,1,1,0,94,1182,3,30,115
468,0,1,0,MW,2,3,7,11,3,1,0,70,927,2,23,73
469,0,1,0,W,0,4,13,12,0,0,2,95,1384,3,41,91
470,0,1,0,MW,0,4,15,25,2,0,0,93,1048,4,34,114
471,0,1,0,NE,0,2,5,6,1,0,0,91,472,1,7,13
472,0,1,0,SE,2,2,4,5,1,1,1,91,1073,2,38,94
473,0,1,0,NE,2,4,11,12,3,3,2,96,2500,3,64,113
474,0,1,0,SE,2,5,10,25,1,5,3,156,2418,4,71,124
475,0,1,0,W,0,2,6,6,0,2,0,96,1186,2,21,65
476,0,1,0,NE,2,6,18,33,1,3,3,156,2500,5,124,176
477,0,1,1,MW,2,3,9,12,1,2,0,76,1174,3,40,113
478,0,1,0,SE,2,6,18,16,5,5,2,143,2500,5,81,167
479,0,1,0,W,0,2,9,10,1,0,1,79,837,2,23,64
480,0,1,1,NE,1,4,12,18,2,0,3,157,1735,3,47,95
481,0,1,0,SE,2,6,18,16,2,4,3,161,2500,5,86,120
482,0,1,0,MW,1,2,6,6,0,0,0,80,250,2,22,57
483,0,1,1,SE,2,3,6,12,2,2,1,98,1294,2,33,69
484,0,1,1,MW,2,5,12,27,3,0,2,92,1657,4,54,125
485,0,1,0,NE,1,4,11,13,0,4,0,134,1580,3,49,73
486,0,1,0,W,0,4,11,8,0,4,0,109,1130,4,56,118
487,0,1,0,MW,2,4,15,17,2,1,0,97,1325,4,27,118
488,0,1,0,MW,0,6,18,35,1,2,0,139,2194,5,49,139
489,0,1,0,W,0,6,18,36,0,0,3,153,2307,6,97,188
490,0,1,0,SE,2,3,11,9,2,0,0,101,1149,3,25,79
491,0,1,0,W,0,4,8,9,1,1,3,88,1988,4,70,129
492,0,1,1,NE,1,6,15,21,2,0,0,118,1375,5,35,137
493,0,1,0,W,0,6,18,13,6,6,3,134,2500,5,91,167
494,0,1,1,MW,2,4,18,10,2,4,0,108,2500,4,75,79
495,0,1,0,MW,1,5,15,27,0,4,0,91,2012,5,69,133
496,0,1,0,SE,2,4,10,13,2,3,1,107,2365,4,68,120
497,0,1,0,NE,0,6,18,29,5,3,3,151,2500,6,112,181
498,0,1,0,W,0,5,15,10,5,4,1,99,2500,4,65,141
499,0,1,0,NE,1,4,11,6,2,4,0,131,1535,4,45,130
500,0,1,0,W,0,4,18,24,4,4,3,89,2500,3,81,107
501,0,1,0,NE,1,2,6,8,0,0,1,47,731,2,22,84
502,0,1,0,W,0,1,2,5,1,1,1,40,980,1,14,23
503,0,1,0,W,1,2,6,10,1,1,0,55,1097,1,21,57
504,0,1,1,NE,0,6,12,10,4,3,0,146,1748,5,67,177
505,0,1,1,W,1,5,15,9,4,0,0,152,1388,4,31,123
506,0,1,0,SE,1,4,12,22,4,4,1,113,2049,4,54,132
507,0,1,0,NE,2,1,3,4,0,1,1,92,905,1,29,69
508,0,1,0,SE,2,5,18,13,5,3,2,128,2500,5,65,130
509,0,1,0,W,1,4,11,22,4,4,0,88,2012,3,49,78
510,0,1,0,NE,2,4,16,16,1,3,3,101,2345,3,58,91
511,0,1,0,MW,2,3,12,11,0,0,2,89,1019,3,55,106
512,0,1,0,NE,1,4,18,20,0,4,1,119,2356,4,60,137
513,0,1,0,MW,1,2,8,8,2,1,0,62,971,1,8,0
514,0,1,0,NE,1,4,15,24,1,1,0,94,1205,4,63,123
515,0,1,0,W,0,6,18,12,0,2,0,107,1293,5,59,169
516,0,1,0,W,0,3,13,11,1,3,3,98,2500,2,49,49
517,0,1,0,W,1,2,9,6,0,2,1,88,1414,2,38,52
518,0,1,0,W,0,1,3,1,1,1,1,94,1135,0,9,12
519,0,1,0,SE,2,1,6,1,1,1,1,40,1213,0,6,0
520,0,1,0,SE,1,5,18,19,0,1,0,109,1175,5,54,150
521,0,1,0,NE,1,2,9,8,2,1,2,65,1720,2,48,71
522,0,1,0,SE,1,5,18,18,3,1,2,108,1953,4,53,115
523,0,1,0,NE,1,3,9,9,3,0,3,112,1629,2,59,58
524,0,1,0,W,1,3,12,8,0,1,1,98,1153,3,34,94
525,0,1,0,SE,1,4,10,6,2,2,0,106,1343,4,37,87
526,0,1,1,NE,2,4,18,22,3,1,0,114,1941,4,52,105
527,0,1,0,W,0,6,18,22,5,2,3,129,2500,6,63,197
528,0,1,0,NE,2,4,18,11,2,2,2,127,2500,4,64,135
529,0,1,0,SE,1,3,13,14,2,1,3,67,1998,3,67,119
530,0,1,0,MW,0,2,9,10,0,1,0,87,1124,1,11,28
531,0,1,1,MW,2,5,18,23,0,1,3,110,2500,5,67,173
532,0,1,0,SE,2,1,7,5,1,1,0,56,730,1,9,37
533,0,1,0,NE,2,5,18,20,0,1,3,110,2359,4,63,120
534,0,1,0,MW,0,6,18,24,6,2,3,104,2500,6,82,199
535,0,1,0,NE,0,2,5,5,0,1,2,95,1791,1,39,49
536,0,1,1,MW,0,5,18,11,5,4,2,153,2500,5,75,138
537,0,1,0,MW,2,4,15,9,1,2,0,142,1401,4,26,115
538,0,1,0,MW,0,5,15,10,5,0,3,162,2500,4,78,129
539,0,1,0,SE,2,5,11,29,5,1,2,122,2327,4,57,136
540,0,1,0,SE,2,4,14,17,0,3,0,108,1409,4,62,138
541,0,1,0,NE,0,2,4,11,2,2,1,65,1430,2,45,62
542,0,1,1,MW,2,5,11,29,1,1,1,127,1278,5,67,134
543,0,1,1,MW,0,6,18,30,5,1,3,141,2500,6,99,219
544,0,1,0,MW,2,6,18,36,6,2,2,122,2500,5,85,161
545,0,1,0,W,0,1,2,5,1,1,1,97,823,1,32,66
546,0,1,0,W,0,2,5,3,0,2,2,85,1149,1,38,60
547,0,1,0,SE,1,1,6,5,0,1,1,47,872,1,27,35
548,0,1,1,MW,1,5,16,15,2,2,0,89,1767,5,63,142
549,0,1,1,MW,2,4,18,25,0,2,1,150,1563,3,55,96
550,0,1,0,SE,1,6,18,33,5,4,3,140,2500,6,80,194
551,0,1,0,NE,2,2,4,10,0,2,0,92,723,2,24,55
552,0,1,0,SE,1,6,18,32,6,3,2,118,2500,5,84,161
553,0,1,1,NE,2,4,12,15,3,4,2,119,2500,3,74,119
554,0,1,0,W,0,5,12,24,3,0,3,127,2500,5,81,157
555,0,1,0,MW,0,2,9,5,2,0,2,77,1338,2,46,59
556,0,1,0,NE,0,4,9,8,2,1,0,89,1001,3,21,94
557,0,1,0,NE,1,6,18,35,0,1,3,140,2500,6,70,204
558,0,1,0,NE,1,5,16,33,4,1,0,133,1927,5,19,162
559,0,1,0,MW,2,3,11,5,1,1,3,88,1706,2,51,59
560,0,1,0,W,0,3,15,13,1,1,3,79,1751,3,56,86
561,0,1,0,NE,2,1,2,5,1,0,0,41,130,1,11,0
562,0,1,0,NE,0,5,12,13,3,2,3,150,2500,4,71,114
563,0,1,0,MW,1,2,4,6,0,2,0,98,1013,2,39,72
564,0,1,0,SE,2,6,18,15,1,3,0,138,1763,6,96,175
565,0,1,0,MW,0,1,6,2,0,0,0,58,177,1,5,37
566,0,1,0,SE,2,5,10,16,3,3,2,106,2196,5,79,164
567,0,1,0,W,1,6,18,12,3,1,1,120,1842,5,18,124
568,0,1,0,MW,1,5,18,26,0,0,3,105,2407,4,85,152
569,0,1,0,W,0,5,16,21,4,4,1,128,2500,5,34,120
570,0,1,0,MW,2,6,18,11,4,0,0,136,1258,5,60,141
571,0,1,0,MW,2,2,6,8,2,2,2,70,1536,1,44,57
572,0,1,0,MW,2,2,6,6,1,2,2,60,1294,1,42,28
573,0,1,0,MW,2,2,8,7,2,1,0,55,1330,1,22,26
574,0,1,0,SE,1,5,16,14,4,2,1,117,2500,5,50,154
575,0,1,0,SE,1,5,12,23,4,5,0,94,1979,5,63,161
576,0,1,0,NE,2,4,10,8,3,2,1,136,2042,3,66,87
577,0,1,0,NE,0,5,18,22,0,0,1,139,1159,5,52,154
578,0,1,0,SE,2,6,18,15,6,2,0,166,1832,5,55,137
579,0,1,0,W,1,3,14,16,0,3,3,102,2119,2,86,65
580,0,1,0,MW,2,6,18,33,2,0,3,146,2374,5,60,163
581,0,1,0,SE,2,6,13,23,6,3,1,134,2500,6,63,178
582,0,1,0,SE,2,3,9,13,1,0,1,89,1111,2,32,56
583,0,1,0,W,1,3,8,10,3,0,2,107,1581,3,31,96
584,0,1,0,MW,0,1,4,5,0,0,0,57,257,1,6,23
585,0,1,1,MW,1,4,12,16,3,3,3,139,2500,4,55,127
586,0,1,0,W,0,3,15,15,3,3,1,104,2500,2,56,61
587,0,1,1,W,1,1,4,0,1,1,0,69,714,0,10,3
588,0,1,0,MW,1,4,18,15,1,0,0,64,917,4,30,90
589,0,1,0,W,0,4,12,20,2,0,2,84,1746,3,45,103
590,0,1,0,NE,0,6,18,20,4,4,1,143,2500,6,85,163
591,0,1,0,MW,0,2,7,6,0,2,2,76,1501,2,54,79
592,0,1,1,NE,1,5,15,16,3,3,0,121,1862,5,60,147
593,0,1,0,NE,2,1,3,5,1,0,1,85,806,1,26,13
594,0,1,0,NE,0,5,17,24,3,1,2,124,2500,5,96,162
595,0,1,0,NE,0,3,14,19,2,0,0,99,1758,3,23,113
596,0,1,0,MW,0,5,12,11,0,1,0,99,740,5,55,154
597,0,1,0,NE,0,4,10,23,4,2,3,97,2500,4,81,140
598,0,1,0,NE,2,2,7,6,0,2,1,79,878,1,34,50
599,0,1,0,NE,1,6,18,20,1,0,1,124,1290,5,83,154
600,0,1,0,NE,0,5,17,12,0,3,1,157,2016,4,78,123
601,0,1,0,W,0,2,6,4,1,0,1,61,893,1,22,51
602,0,1,0,W,1,6,18,38,4,3,1,132,2391,6,71,149
603,0,1,0,NE,1,4,12,12,4,3,1,123,2500,3,47,114
604,0,1,0,MW,1,5,11,23,0,0,1,117,1037,5,49,117
605,0,1,0,NE,0,5,18,25,1,2,0,139,1723,5,48,124
606,0,1,0,NE,2,1,3,2,1,0,0,66,491,1,3,29
607,0,1,0,MW,1,1,6,4,1,1,0,57,665,0,6,3
608,0,1,0,NE,1,4,8,8,3,2,3,94,2500,3,77,84
609,0,1,1,NE,2,4,10,19,4,3,2,130,2500,4,75,113
610,0,1,0,NE,1,4,9,18,0,0,1,133,1121,4,36,126
611,0,1,0,NE,0,4,8,10,2,2,2,112,2195,4,63,128
612,0,1,1,NE,1,5,15,26,3,0,1,152,1621,4,33,111
613,0,1,0,NE,2,1,3,5,0,0,0,75,50,0,0,6
614,0,1,0,SE,1,6,14,19,6,2,0,139,2500,6,42,168
615,0,1,0,SE,2,3,10,9,3,0,0,67,858,3,23,99
616,0,1,0,NE,2,5,10,25,4,4,3,91,2500,4,99,138
617,0,1,0,SE,1,3,8,12,3,2,0,98,1567,3,10,79
618,0,1,0,NE,1,5,10,33,4,5,2,176,2500,4,70,113
619,0,1,0,SE,2,5,18,32,0,3,0,104,1822,5,87,168
620,0,1,0,MW,2,1,7,5,0,1,1,61,939,1,21,24
621,0,1,0,MW,0,2,8,5,2,2,1,87,1441,1,32,30
622,0,1,0,W,1,6,15,29,4,3,1,163,2399,6,64,210
623,0,1,0,SE,2,3,13,13,1,1,2,86,2036,3,49,102
624,0,1,0,W,0,2,7,10,1,2,1,92,1400,2,27,82
625,0,1,0,W,1,1,3,4,1,1,0,53,539,0,12,0
626,0,1,0,NE,2,1,6,5,1,1,0,64,690,0,3,0
627,0,1,0,SE,2,2,6,8,2,1,2,89,1561,2,33,25
628,0,1,0,NE,2,1,3,1,0,1,1,74,815,1,26,67
629,0,1,0,MW,1,4,15,11,0,0,0,65,896,3,35,78
630,0,1,0,MW,1,5,18,25,5,4,0,119,2500,4,36,133
631,0,1,0,W,1,2,5,4,0,2,2,113,1567,1,43,40
632,0,1,0,NE,0,5,18,24,0,5,3,128,2500,4,92,130
633,0,1,0,SE,2,4,17,12,2,1,3,107,2328,3,72,72
634,0,1,1,SE,1,6,18,36,0,0,0,91,1113,5,50,169
635,0,1,0,MW,1,3,12,18,1,0,1,83,1516,3,39,81
636,0,1,0,SE,1,6,12,37,6,6,2,132,2500,5,98,151
637,0,1,1,MW,0,4,18,15,1,1,3,107,2245,4,47,128
638,0,1,0,NE,1,6,18,14,2,2,3,136,2500,6,141,174
639,0,1,0,W,1,4,13,10,1,3,3,103,2427,3,76,104
640,0,1,0,NE,0,6,13,38,1,2,1,117,1616,6,82,201
641,0,1,0,SE,1,3,15,9,1,1,3,66,2397,3,62,116
642,0,1,0,NE,2,3,12,10,2,1,1,92,2135,3,43,82
643,0,1,1,NE,2,6,18,27,2,5,2,154,2476,5,63,147
644,0,1,0,SE,1,1,4,0,1,1,1,54,1074,0,25,37
645,0,1,0,NE,2,1,3,0,0,0,0,82,71,1,6,31
646,0,1,1,SE,2,5,17,24,1,5,0,135,2106,4,60,128
647,0,1,0,W,0,1,3,4,1,0,0,55,238,1,7,40
648,0,1,0,W,1,3,8,18,3,0,1,85,1202,3,30,100
649,0,1,0,MW,2,4,13,18,2,3,3,131,2500,3,61,120
650,0,1,0,MW,1,6,13,38,4,0,0,117,1512,6,44,162
651,0,1,0,MW,2,1,7,5,1,0,0,40,423,1,7,30
652,0,1,0,SE,2,2,10,2,1,0,1,56,968,2,18,47
653,0,1,0,NE,1,2,9,7,0,1,2,58,1443,1,32,32
654,0,1,0,NE,1,1,3,0,1,1,1,45,903,0,14,16
655,0,1,1,SE,2,2,4,8,0,0,1,49,595,1,23,59
656,0,1,0,NE,2,1,4,4,1,0,1,61,934,1,25,4
657,0,1,0,NE,0,5,18,14,1,5,3,140,2500,5,107,148
658,0,1,0,MW,1,5,18,29,5,3,3,117,2500,5,103,158
659,0,1,0,W,0,2,9,5,2,1,1,65,1490,2,28,61
660,0,1,0,NE,1,4,14,13,0,2,2,149,1683,4,52,136
661,0,1,0,MW,0,3,13,17,2,2,1,83,2024,3,36,91
662,0,1,0,SE,2,3,12,12,0,3,3,93,2332,2,75,69
663,0,1,0,NE,1,6,18,14,5,2,0,153,2500,5,65,135
664,0,1,0,MW,1,1,7,2,0,0,1,54,668,0,13,29
665,0,1,1,MW,0,3,9,9,1,3,0,98,1032,2,31,66
666,0,1,0,W,1,2,9,5,2,0,2,83,1610,1,39,35
667,0,1,0,MW,2,6,18,29,4,3,3,126,2500,5,96,163
668,0,1,0,MW,0,1,6,1,1,0,0,49,601,0,0,10
669,0,1,0,SE,2,4,12,26,3,0,2,99,1858,4,58,111
670,0,1,0,MW,2,4,8,23,2,0,3,72,2057,3,35,92
671,0,1,0,MW,2,5,16,16,5,3,0,120,2500,5,81,155
672,0,1,0,NE,1,4,18,22,3,2,3,117,2500,3,51,114
673,0,1,1,NE,0,3,11,11,0,2,2,106,1912,2,38,54
674,0,1,0,NE,2,3,7,6,1,3,1,105,1596,2,48,28
675,0,1,1,MW,0,4,17,26,3,2,3,98,2500,3,65,137
676,0,1,0,SE,2,4,11,14,0,4,3,125,2302,3,80,100
677,0,1,0,NE,1,1,4,2,0,0,1,52,670,0,11,10
678,0,1,0,MW,2,4,10,23,2,3,1,90,1941,4,36,105
679,0,1,1,MW,2,5,18,28,3,4,1,119,2500,4,69,99
680,0,1,0,NE,2,4,11,19,4,4,2,144,2499,4,82,137
681,0,1,0,MW,1,1,4,4,0,0,1,79,259,0,18,0
682,0,1,0,NE,0,5,18,21,1,2,3,151,2265,5,114,178
683,0,1,1,SE,2,5,18,16,0,2,3,145,2500,5,106,143
684,0,1,1,NE,2,1,3,5,0,1,0,54,348,0,8,11
685,0,1,0,SE,2,6,18,25,4,4,1,80,2500,5,71,159
686,0,1,1,NE,2,3,12,7,2,3,2,110,2500,2,67,65
687,0,1,0,MW,1,6,18,25,5,4,1,116,2500,6,98,191
688,0,1,0,MW,0,6,18,35,5,6,2,130,2500,5,86,139
689,0,1,0,W,1,4,15,7,0,0,2,123,1294,3,48,107
690,0,1,0,NE,0,5,18,32,3,3,2,110,2500,5,75,170
691,0,1,1,MW,0,5,16,13,4,3,0,113,2228,5,34,133
692,0,1,1,SE,2,2,7,5,1,0,1,88,974,2,36,57
693,0,1,0,SE,2,2,8,4,0,0,0,91,487,1,5,26
694,0,1,0,MW,1,3,13,7,3,2,2,105,2500,2,43,64
695,0,1,0,SE,2,3,11,6,0,3,2,109,2332,2,36,48
696,0,1,1,MW,2,1,2,5,0,1,0,50,505,1,16,49
697,0,1,0,NE,2,5,12,15,5,1,0,126,2393,4,42,115
698,0,1,0,NE,1,1,4,4,0,0,0,87,199,0,3,0
699,0,1,0,MW,2,1,6,4,0,1,0,77,769,0,11,0
700,0,1,0,SE,2,3,13,9,1,0,0,103,641,2,0,62
701,0,1,0,NE,1,2,11,6,2,2,1,104,1650,1,25,47
702,0,1,0,SE,1,6,15,15,4,0,1,168,2161,5,56,139
703,0,1,0,MW,1,2,9,9,1,0,0,87,602,2,26,41
704,0,1,0,NE,2,2,4,5,1,0,1,65,751,2,19,68
705,0,1,0,NE,2,2,9,10,1,1,2,92,1806,2,47,59
706,0,1,0,W,0,3,14,14,2,0,1,86,955,2,17,55
707,0,1,0,NE,0,1,5,3,0,0,1,55,600,0,6,33
708,0,1,0,NE,2,3,12,9,3,3,3,121,2500,2,54,66
709,0,1,0,SE,1,2,6,7,1,1,0,102,810,2,15,37
710,0,1,0,W,0,2,9,5,0,1,2,88,1613,2,40,66
711,0,1,0,NE,1,4,18,14,4,1,1,123,1964,3,30,84
712,0,1,0,NE,1,2,7,6,2,0,0,77,764,2,21,53
713,0,1,0,NE,1,6,18,35,1,4,1,137,2500,5,55,130
714,0,1,0,MW,2,1,3,2,1,1,0,40,770,0,10,21
715,0,1,0,MW,2,4,13,18,0,4,0,119,1819,4,62,134
716,0,1,0,NE,2,3,15,15,1,3,3,92,2500,3,81,108
717,0,1,0,SE,1,6,18,34,4,1,0,141,2182,6,58,187
718,0,1,0,W,0,1,4,0,1,1,1,73,1048,0,14,0
719,0,1,0,W,0,3,15,16,3,1,0,59,1741,2,21,60
720,0,1,1,MW,0,3,6,17,3,3,2,112,2313,3,65,103
721,0,1,1,NE,0,5,10,8,4,2,0,135,1708,5,73,173
722,0,1,0,MW,2,2,5,5,1,2,1,82,915,1,31,41
723,0,1,0,SE,2,3,13,6,2,3,2,60,2500,3,63,104
724,0,1,0,W,1,2,11,6,1,1,2,82,1578,1,50,57
725,0,1,0,NE,0,4,18,25,1,2,0,101,2147,4,74,146
726,0,1,0,NE,2,2,10,7,0,2,2,85,1428,1,62,36
727,0,1,0,SE,2,1,4,1,0,0,0,91,213,1,6,38
728,0,1,0,MW,1,1,2,2,1,1,1,41,897,0,17,0
729,0,1,0,MW,1,5,17,19,1,5,3,90,2500,4,104,138
730,0,1,0,MW,1,6,15,37,5,4,0,133,2500,5,92,160
731,0,1,0,MW,1,2,8,2,0,1,0,74,544,2,32,95
732,0,1,0,MW,1,5,12,14,5,5,1,126,2500,5,58,138
733,0,1,0,NE,1,3,11,11,1,0,0,126,1120,2,7,46
734,0,1,0,W,0,3,11,19,2,1,2,82,1443,2,47,93
735,0,1,0,SE,2,6,18,15,3,5,1,138,2500,6,69,145
736,0,1,0,SE,2,4,17,6,1,2,1,78,2265,3,51,100
737,0,1,0,MW,0,3,15,7,3,1,3,67,2495,3,56,98
738,0,1,1,MW,0,5,10,26,4,5,3,126,2500,5,108,129
739,0,1,0,NE,1,6,18,30,1,3,0,159,1349,6,84,190
740,0,1,0,NE,0,5,18,20,4,0,2,122,2152,5,31,146
741,0,1,0,NE,0,6,12,13,0,1,0,124,1190,5,60,128
742,0,1,0,W,0,6,18,16,6,0,0,116,2249,6,77,197
743,0,1,0,NE,0,4,17,12,1,1,3,106,2500,3,64,102
744,0,1,0,MW,0,4,18,19,4,4,0,102,2500,4,65,141
745,0,1,0,MW,0,1,5,5,1,1,1,71,1173,1,30,48
746,0,1,0,NE,0,1,2,4,1,0,1,56,496,0,6,0
747,0,1,1,SE,2,2,7,7,2,0,0,45,926,1,5,44
748,0,1,0,SE,2,4,12,9,0,3,3,78,2408,4,62,125
749,0,1,1,SE,2,3,12,15,0,2,0,54,1397,2,39,68
750,0,1,0,W,0,6,18,20,5,5,1,128,2500,5,55,148
751,0,1,0,W,0,3,13,10,3,3,1,93,2500,2,35,65
752,0,1,0,NE,0,5,16,13,0,0,3,150,2500,5,83,173
753,0,1,0,SE,2,5,18,25,2,2,3,139,2500,5,64,178
754,0,1,1,NE,1,6,18,35,0,0,3,163,1939,5,53,140
755,0,1,1,MW,0,5,17,29,2,1,2,109,2265,4,71,128
756,0,1,0,NE,0,5,17,25,4,1,2,125,2500,4,76,137
757,0,1,0,SE,2,1,3,4,1,0,0,66,359,0,0,12
758,0,1,0,MW,2,2,7,5,1,0,1,80,1123,1,16,20
759,0,1,1,MW,2,3,7,14,3,0,3,110,2328,3,54,125
760,0,1,0,MW,0,3,7,12,2,0,0,72,772,2,21,64
761,0,1,1,SE,2,1,5,3,1,1,1,65,1002,0,15,0
762,0,1,0,SE,2,1,3,0,0,1,1,60,785,1,25,26
763,0,1,0,NE,0,2,6,3,0,0,1,85,787,1,17,57
764,0,1,0,MW,0,5,16,9,2,2,0,125,1494,4,28,84
765,0,1,0,W,1,6,18,22,1,0,3,117,1863,6,97,192
766,0,1,1,NE,2,6,18,22,0,0,2,152,1807,5,56,153
767,0,1,0,SE,2,2,10,11,2,2,0,63,1222,2,14,47
768,0,1,1,NE,1,3,8,12,1,0,1,95,1196,3,54,104
769,0,1,1,NE,0,1,5,2,0,1,0,65,529,0,4,0
770,0,1,0,NE,0,2,6,3,2,2,2,121,1343,1,47,74
771,0,1,0,MW,0,5,18,24,4,2,1,128,2404,4,55,146
772,0,1,0,MW,2,4,18,14,3,2,1,113,2466,4,41,127
773,0,1,0,NE,1,1,6,5,0,0,0,102,354,0,0,1
774,0,1,0,W,0,1,6,4,0,0,0,86,308,1,14,18
775,0,1,0,SE,2,6,18,16,3,0,2,151,2078,6,96,181
776,0,1,0,W,0,2,7,10,0,2,0,63,883,1,15,22
777,0,1,0,W,1,4,9,24,3,2,3,108,2500,3,70,101
778,0,1,0,W,0,4,13,21,3,0,1,108,1663,3,51,106
779,0,1,0,SE,1,5,18,32,2,0,1,132,1715,4,45,103
780,0,1,1,NE,2,4,15,22,1,4,2,142,2500,4,87,152
781,0,1,0,SE,1,4,13,20,0,4,0,112,1112,3,45,70
782,0,1,0,SE,1,2,6,7,1,1,1,85,875,2,36,67
783,0,1,0,NE,2,3,6,11,2,1,2,118,1450,3,36,95
784,0,1,1,W,0,6,12,39,1,5,1,149,2481,6,72,190
785,0,1,0,NE,1,1,4,5,1,1,0,47,554,0,6,10
786,0,1,0,MW,2,1,7,3,1,0,1,72,890,1,8,25
787,0,1,0,NE,2,2,9,6,2,2,2,72,1993,2,41,55
788,0,1,0,SE,2,5,18,23,1,0,0,102,896,5,17,144
789,0,1,0,SE,2,1,4,2,0,0,1,69,763,1,18,49
790,0,1,0,MW,0,3,6,9,2,0,1,74,1104,3,36,94
791,0,1,1,SE,2,5,13,28,4,5,2,127,2500,4,87,126
792,0,1,0,SE,2,1,2,4,0,0,1,48,335,1,18,29
793,0,1,0,NE,2,3,9,14,3,2,2,99,2048,2,42,80
794,0,1,0,NE,1,3,14,11,2,2,0,94,1828,3,33,67
795,0,1,0,MW,1,5,17,24,2,5,3,128,2500,4,125,134
796,0,1,0,MW,2,2,10,10,2,0,2,70,1393,1,33,19
797,0,1,0,MW,1,6,18,20,6,5,0,130,2500,5,85,160
798,0,1,0,NE,1,6,13,13,4,3,2,152,2500,5,103,158
799,0,1,0,NE,0,2,4,7,2,0,1,82,1071,1,29,30
800,1,1,0,NE,0,4,18,13,4,1,0,84,1733,3,38,100
801,1,1,0,W,0,6,15,14,0,6,1,129,2410,6,67,180
802,1,1,0,MW,0,3,9,10,1,3,3,73,2500,2,77,81
803,1,1,0,MW,1,1,4,5,1,0,0,69,236,0,0,0
804,1,1,0,W,0,4,15,8,1,3,1,117,1850,3,42,68
805,1,1,0,W,0,4,8,11,2,3,0,121,1661,4,49,118
806,1,1,0,MW,1,6,18,15,2,5,2,145,2500,5,96,171
807,1,1,0,SE,1,5,18,9,1,1,1,134,1350,4,44,144
808,1,1,0,W,1,1,5,3,0,0,0,67,217,1,6,11
809,1,1,0,SE,2,5,13,27,0,2,2,127,2199,5,98,159
810,1,1,0,MW,1,5,11,27,4,0,2,124,1631,5,80,156
811,1,1,0,NE,1,4,9,6,2,0,1,113,1114,4,23,110
812,1,1,0,SE,2,4,18,13,4,0,1,63,1635,4,33,121
813,1,1,0,SE,2,4,16,10,4,2,3,102,2500,3,34,96
814,1,1,0,SE,2,3,12,16,0,0,1,92,1065,2,34,87
815,1,1,0,SE,1,2,11,6,2,0,2,68,1369,1,32,41
816,1,1,0,MW,0,5,18,30,0,0,2,115,1857,4,79,156
817,1,1,0,MW,0,2,8,5,0,0,2,78,1190,2,29,58
818,1,1,0,W,1,4,13,14,0,2,1,84,1661,4,80,119
819,1,1,0,NE,0,1,2,2,1,0,1,79,873,0,11,5
820,1,1,0,NE,1,3,14,6,2,1,3,107,2500,2,37,39
821,1,1,0,MW,2,3,8,10,0,1,3,136,2131,2,35,62
822,1,1,0,NE,0,4,8,13,3,2,1,99,1896,4,51,110
823,1,1,0,NE,2,2,11,8,2,2,0,63,1563,1,32,25
824,1,1,0,NE,0,4,9,7,1,2,1,164,1405,3,46,77
825,1,1,0,SE,2,2,6,8,2,2,0,112,1212,2,24,55
826,1,1,0,SE,2,5,18,22,5,0,0,118,1611,4,26,122
827,1,1,0,W,1,4,11,23,2,2,0,104,1206,3,48,75
828,1,1,0,MW,2,5,16,25,1,5,1,90,2446,4,48,124
829,1,1,0,MW,1,1,4,1,1,0,0,53,450,1,1,25
830,1,1,0,MW,2,3,13,8,2,2,0,94,1685,3,46,95
831,1,1,0,NE,1,2,9,10,1,0,0,95,533,2,25,75
832,1,1,0,W,0,6,18,22,5,4,1,172,2500,6,54,173
833,1,1,0,NE,2,5,17,22,2,3,3,133,2500,5,74,163
834,1,1,0,MW,2,6,14,31,6,0,0,157,1562,5,36,133
835,1,1,0,NE,2,3,7,9,1,1,0,89,517,2,15,40
836,1,1,0,SE,1,1,4,3,0,1,1,82,890,1,29,25
837,1,1,0,NE,1,5,11,21,2,2,3,111,2500,5,102,152
838,1,1,0,MW,2,5,13,21,4,2,2,132,2072,5,41,128
839,1,1,0,NE,0,2,4,9,1,2,1,76,1261,1,28,40
840,1,1,0,SE,2,2,7,10,2,0,2,77,1457,2,28,95
841,1,1,0,NE,1,3,10,7,0,0,3,113,1666,2,35,76
842,1,1,0,NE,0,5,13,22,1,0,1,134,1466,4,25,95
843,1,1,0,MW,2,4,16,21,3,0,1,68,1289,4,42,127
844,1,1,0,SE,2,3,6,9,3,3,0,107,994,3,45,92
845,1,1,0,SE,2,4,14,22,4,3,2,116,2500,4,102,134
846,1,1,0,MW,2,2,9,7,0,0,0,86,555,1,5,12
847,1,1,0,SE,2,2,11,8,0,0,1,64,793,2,29,74
848,1,1,0,NE,2,6,18,31,4,5,0,126,2500,5,67,135
849,1,1,0,W,0,6,15,19,2,3,1,134,2405,6,67,194
850,1,1,0,NE,1,6,18,18,6,0,2,116,2500,6,88,178
851,1,1,0,NE,2,3,7,15,1,0,2,81,1088,2,43,26
852,1,1,0,NE,1,6,14,24,3,1,1,161,1935,6,63,171
853,1,1,0,SE,2,4,12,11,3,3,1,41,2232,3,55,71
854,1,1,0,NE,0,1,3,1,1,1,0,80,641,0,3,1
855,1,1,0,SE,1,2,6,8,1,0,0,49,557,1,8,13
856,1,1,0,W,0,3,14,11,3,2,0,107,2123,2,27,71
857,1,1,0,MW,1,2,6,7,0,2,2,67,1339,1,63,57
858,1,1,0,NE,1,3,14,14,0,3,1,103,2263,3,47,75
859,1,1,0,NE,1,1,6,4,0,1,0,45,429,1,16,39
860,1,1,0,SE,2,2,10,7,2,1,1,66,1186,1,23,24
861,1,1,0,MW,0,2,11,7,1,2,0,95,1376,2,30,47
862,1,1,0,MW,1,2,5,5,0,2,2,79,1628,1,40,45
863,1,1,0,MW,0,2,4,10,0,0,0,58,220,1,17,32
864,1,1,0,SE,2,4,15,19,0,2,1,115,1736,3,63,80
865,1,1,0,SE,1,5,18,30,1,1,2,98,2500,5,73,164
866,1,1,0,W,0,4,14,18,4,4,0,131,2017,4,49,106
867,1,1,0,NE,2,2,8,10,0,1,1,79,724,2,29,83
868,1,1,0,NE,1,5,18,23,2,4,0,136,1641,4,88,150
869,1,1,0,NE,2,3,9,7,3,0,2,85,1776,3,32,93
870,1,1,0,W,1,3,9,16,1,1,2,111,1764,2,28,59
871,1,1,0,SE,2,6,14,22,1,3,3,152,2500,5,126,177
872,1,1,0,NE,0,2,11,7,1,0,2,88,1318,1,24,14
873,1,1,0,W,0,3,14,8,2,0,1,93,1543,2,26,81
874,1,1,0,SE,1,3,9,11,1,1,0,43,762,3,19,80
875,1,1,0,SE,1,1,5,2,0,0,0,90,305,0,0,0
876,1,1,0,NE,2,4,13,24,0,2,0,108,1893,3,25,68
877,1,1,0,NE,2,6,18,20,6,4,2,143,2500,6,97,176
878,1,1,0,SE,1,3,8,13,0,3,2,133,1823,3,75,81
879,1,1,0,SE,2,1,4,0,1,1,0,58,463,1,10,9
880,1,1,0,SE,1,1,3,5,1,1,1,40,785,1,31,31
881,1,1,0,SE,1,6,12,28,3,6,0,128,1718,6,60,161
882,1,1,0,NE,0,4,13,10,0,4,0,129,1271,3,58,93
883,1,1,0,W,0,6,18,30,6,4,3,128,2500,5,101,160
884,1,1,0,W,1,2,8,3,0,0,2,69,1330,1,26,51
885,1,1,0,MW,2,2,8,7,0,0,2,50,1112,1,29,59
886,1,1,0,MW,2,5,18,10,1,5,3,84,2500,4,93,127
887,1,1,0,W,1,2,9,7,0,2,0,74,1181,1,19,2
888,1,1,0,NE,2,4,15,15,2,0,1,83,1460,3,46,112
889,1,1,0,NE,0,5,16,33,1,1,3,171,2242,5,60,150
890,1,1,0,NE,2,2,8,7,2,1,1,59,1391,1,25,10
891,1,1,0,MW,2,3,10,17,2,3,3,82,2456,2,58,74
892,1,1,0,NE,1,2,7,10,0,2,1,89,922,1,41,24
893,1,1,0,MW,2,1,5,2,1,0,0,65,173,1,9,50
894,1,1,0,NE,1,6,14,30,2,1,1,129,2196,5,51,139
895,1,1,0,NE,2,3,13,12,1,1,2,104,1583,2,40,79
896,1,1,0,W,0,1,6,1,0,0,0,78,429,0,0,0
897,1,1,0,SE,1,1,5,0,1,0,1,40,694,1,24,24
898,1,1,0,MW,1,4,17,17,4,3,3,132,2500,4,61,119
899,1,1,0,SE,2,2,8,8,1,1,0,67,580,1,16,33
900,1,1,0,MW,2,6,18,35,5,6,3,113,2500,5,165,187
901,1,1,0,W,1,4,15,21,3,4,1,88,2500,4,74,110
902,1,1,0,MW,0,4,12,13,1,1,2,81,1568,3,50,92
903,1,1,0,NE,0,6,18,14,3,6,0,171,2500,6,68,165
904,1,1,0,NE,0,1,3,5,1,1,0,93,725,0,4,0
905,1,1,0,MW,2,1,2,0,0,0,1,70,622,0,11,13
906,1,1,0,SE,2,2,7,10,1,1,1,56,1274,2,23,86
907,1,1,0,W,0,1,6,4,1,1,1,106,1009,1,26,48
908,1,1,0,MW,1,4,13,10,1,3,1,85,1644,4,65,119
909,1,1,0,MW,1,3,10,13,1,3,1,76,2076,2,44,53
910,1,1,0,MW,1,4,16,22,1,2,0,116,1114,4,53,139
911,1,1,0,SE,2,5,13,19,0,3,2,142,2500,4,61,126
912,1,1,0,SE,2,4,11,20,2,4,3,59,2500,3,84,95
913,1,1,0,SE,2,2,8,3,2,0,2,78,1112,1,27,70
914,1,1,0,MW,1,1,5,0,1,0,1,45,864,0,12,9
915,1,1,0,NE,1,4,12,21,4,3,3,92,2500,3,82,105
916,1,1,0,NE,2,1,5,3,1,0,0,77,346,0,0,0
917,1,1,0,W,0,3,15,14,0,3,3,86,2254,3,88,128
918,1,1,0,MW,2,4,8,13,2,2,1,107,1907,3,46,86
919,1,1,0,W,1,3,12,11,3,0,2,54,1826,2,40,64
920,1,1,0,SE,1,6,13,30,2,1,2,137,2172,6,74,204
921,1,1,0,MW,0,1,5,5,1,1,0,81,795,0,3,15
922,1,1,0,MW,2,5,12,17,4,1,0,96,1683,4,45,111
923,1,1,0,W,0,6,18,32,5,5,2,121,2500,5,123,173
924,1,1,0,W,1,3,15,17,1,0,3,107,2015,3,56,100
925,1,1,0,NE,2,3,9,6,2,2,0,123,1525,3,47,60
926,1,1,0,W,1,3,14,14,2,0,2,105,2086,3,49,113
927,1,1,0,SE,1,1,7,3,1,1,1,78,1143,1,22,6
928,1,1,0,MW,1,3,14,16,0,3,1,45,1445,2,36,91
929,1,1,0,W,0,4,17,12,2,3,0,90,2421,3,20,63
930,1,1,0,SE,2,2,10,10,1,2,2,76,1930,1,42,72
931,1,1,0,MW,1,2,6,4,0,0,1,81,731,2,30,57
932,1,1,0,W,0,2,6,3,2,1,0,75,1100,2,16,73
933,1,1,0,MW,2,5,10,9,5,2,1,102,2500,5,40,147
934,1,1,0,MW,1,6,18,16,4,1,1,131,2271,5,57,141
935,1,1,0,MW,0,1,7,5,1,1,0,40,911,0,6,0
936,1,1,0,MW,1,1,6,0,0,1,0,46,501,1,21,16
937,1,1,0,W,0,3,6,4,0,0,2,60,1330,2,24,32
938,1,1,0,MW,1,2,11,8,2,0,2,46,1642,2,44,61
939,1,1,0,NE,1,4,17,16,4,0,1,114,2252,3,29,80
940,1,1,0,NE,2,2,7,8,1,0,0,102,572,2,13,71
941,1,1,0,NE,0,2,10,3,1,0,1,72,887,2,32,43
942,1,1,0,W,0,3,13,19,1,0,3,87,2150,3,40,80
943,1,1,0,W,0,3,14,12,3,2,3,126,2500,2,54,78
944,1,1,0,MW,0,4,18,22,1,4,3,74,2500,4,91,146
945,1,1,0,W,0,3,7,10,3,0,0,75,1020,3,38,102
946,1,1,0,W,0,1,3,4,0,1,0,65,247,0,8,11
947,1,1,0,SE,2,5,11,12,1,4,3,109,2500,5,97,162
948,1,1,0,W,1,2,9,6,0,2,1,86,1044,2,24,61
949,1,1,0,NE,1,6,18,16,0,6,1,137,2500,5,93,174
950,1,1,0,W,0,3,13,9,1,1,0,120,1565,3,54,116
951,1,1,0,NE,2,6,18,20,3,1,2,147,2130,6,65,174
952,1,1,0,NE,1,1,5,3,0,0,1,90,692,0,12,3
953,1,1,0,NE,2,2,7,10,1,2,0,84,966,2,30,75
954,1,1,0,MW,0,6,18,34,1,5,3,114,2500,6,109,182
955,1,1,0,W,0,4,18,18,1,2,2,121,2181,3,41,88
956,1,1,0,MW,1,5,18,11,2,0,3,127,1797,5,60,163
957,1,1,0,NE,1,3,9,11,1,1,1,91,1329,2,22,49
958,1,1,0,NE,1,2,6,9,0,1,1,61,773,2,40,69
959,1,1,0,SE,2,2,8,10,0,2,2,41,1583,2,53,67
960,1,1,0,W,0,3,8,8,0,2,0,84,597,2,24,58
961,1,1,0,MW,0,5,11,15,4,1,1,109,2117,5,41,151
962,1,1,0,MW,0,3,10,14,3,2,2,87,1690,3,63,96
963,1,1,0,W,1,6,18,17,6,6,1,137,2500,6,89,167
964,1,1,0,NE,0,3,15,9,1,0,1,93,1154,3,32,94
965,1,1,0,SE,2,5,12,19,0,2,2,97,2038,5,80,162
966,1,1,0,NE,2,5,18,15,0,5,1,147,2500,4,35,103
967,1,1,0,SE,1,2,9,8,0,1,2,89,1167,1,18,44
968,1,1,0,W,0,3,12,7,1,1,2,114,1548,2,41,59
969,1,1,0,MW,2,6,14,24,2,5,3,146,2500,6,98,200
970,1,1,0,NE,1,3,14,16,0,2,1,105,1494,3,68,118
971,1,1,0,MW,1,5,18,18,1,1,2,175,2004,4,75,123
972,1,1,0,MW,0,6,18,15,5,1,1,146,2500,5,38,147
973,1,1,0,SE,2,3,12,6,3,0,1,74,1250,2,15,74
974,1,1,0,NE,1,3,11,16,2,3,1,73,1819,3,47,87
975,1,1,0,W,0,4,14,23,1,3,3,125,2500,3,76,103
976,1,1,0,MW,1,4,10,14,1,3,1,103,1570,3,62,87
977,1,1,0,NE,0,5,18,10,4,2,1,119,2500,5,48,152
978,1,1,0,MW,0,2,9,6,2,2,1,78,1799,1,21,62
979,1,1,0,MW,2,5,12,25,2,0,2,102,915,5,66,150
980,1,1,0,NE,2,4,12,19,4,2,1,101,1781,4,82,135
981,1,1,0,SE,2,3,15,12,2,0,3,67,2500,2,52,59
982,1,1,0,W,0,1,4,5,0,0,1,54,799,0,10,0
983,1,1,0,MW,2,1,5,5,0,1,0,74,655,0,10,11
984,1,1,0,MW,1,3,8,19,2,3,2,71,2110,2,72,113
985,1,1,0,NE,2,4,18,18,1,2,1,123,2218,4,42,108
986,1,1,0,NE,0,1,6,2,0,1,1,65,1157,0,12,51
987,1,1,0,W,1,4,12,14,3,0,1,80,1417,3,25,76
988,1,1,0,NE,2,5,18,23,3,4,3,152,2500,4,65,127
989,1,1,0,W,1,4,12,13,0,2,0,123,1230,4,44,150
990,1,1,0,NE,2,6,15,30,1,4,2,130,2486,5,82,178
991,1,1,0,MW,0,5,16,28,2,4,0,124,2500,4,57,155
992,1,1,0,NE,0,5,16,19,5,1,1,111,2227,5,55,185
993,1,1,0,W,0,6,18,16,6,5,1,154,2500,5,54,136
994,1,1,0,SE,1,4,14,21,2,4,3,103,2500,4,61,122
995,1,1,0,SE,2,4,18,9,3,4,1,107,2500,3,31,106
996,1,1,0,SE,2,5,13,27,5,4,0,97,2500,4,62,110
997,1,1,0,MW,2,5,10,21,0,1,0,118,906,4,45,114
998,1,1,0,MW,1,4,10,7,1,0,0,97,556,4,30,93
999,1,1,0,MW,2,5,17,24,0,1,3,115,1756,5,81,140
